User Query,Category,Predicted Tarot Response,,
Will I find love this year?,Love,The cards suggest that love is indeed on the horizon for you. The time is right to open your heart to new possibilities. Focus on self-love first  and romantic connections will naturally follow. Trust the universe's timing.,,
When will I meet my soulmate?,Love,Your soulmate connection is approaching. The cards reveal that personal growth will precede this union. Continue developing yourself spiritually and the right person will be drawn to your authentic energy. Stay patient and attentive to subtle signs.,,
How can I improve my relationship?,Love,Your relationship seeks greater depth through honest communication. The cards indicate that vulnerability will strengthen your bond. Share your true feelings without fear and listen deeply to your partner. Small daily acts of appreciation will rekindle the flame.,,
Is my current partner right for me?,Relationships,The cards reflect that your current relationship contains important lessons. Consider what growth this partnership is offering you. True compatibility requires alignment of values and vision. Meditate on whether this connection brings you peace or constant turmoil.,,
How can I heal from my breakup?,Relationships,Healing comes through acknowledging all emotions without judgment. The cards suggest embracing solitude as restorative rather than lonely. Each day, release one memory or attachment. Your heart is stronger than you realize, and this period of recovery is preparing you for greater love.
Will my ex come back to me?,Relationships,The cards suggest focusing on your own journey rather than awaiting another's return. This separation created space for necessary growth. Whether reunited or not the lesson remains the same - your wholeness does not depend on this relationship. Trust the universe's plan.,,
Will I get the job I applied for?,Career,Your career path shows promising developments. The cards indicate that your skills align with this opportunity though timing may require patience. Continue preparing and visualizing success. Either this position or something better awaits you.,,
How can I advance in my career?,Career,Career advancement appears through unexpected channels. The cards reveal that developing a unique skill will distinguish you from peers. Seek mentorship from someone whose path inspires you. Your greatest professional growth will come from projects that initially seem challenging.,,
Should I change careers?,Career,A career transition holds potential for fulfillment. The cards suggest your dissatisfaction stems from unutilized talents. Begin exploring options while maintaining current responsibilities. Small steps toward your passion will gradually create a bridge to your new path.,,
Will my business be successful?,Success,Your business venture shows promising energy. The cards indicate success through persistence and adaptability. Initial obstacles serve as refinement not rejection. Trust your vision while remaining open to feedback and evolution. Authentic value creation will ensure sustainable growth.,,
How can I achieve my goals?,Success,Achievement comes through consistent small actions rather than sporadic intensity. The cards reveal that aligning your goals with your deeper purpose will provide sustainable motivation. Remove one unnecessary obligation to create space for what truly matters. Success is already unfolding.,,
What is blocking my success?,Success,Your success faces a blockage related to self-doubt. The cards show that past disappointments have created hesitation in fully committing to your vision. Release the need for perfection and embrace progress instead. The universe supports bold  authentic action.,,
What is my life purpose?,Spiritual,Your purpose lies at the intersection of your natural talents and service to others. The cards indicate you're already expressing elements of your purpose  though perhaps not recognizing it. Quiet contemplation will reveal how existing interests connect to your deeper calling. Trust your unique path.,,
How can I develop spiritually?,Spiritual,Spiritual development appears through daily mindfulness rather than dramatic experiences. The cards suggest incorporating brief meditation into your routine. Nature will offer powerful insights if you approach with reverence. Your intuition is strengthening - honor the subtle guidance.,,
What spirit guides are with me?,Spiritual,The cards reveal ancestral and nature spirits surrounding you. Your guides communicate through recurring symbols and synchronicities. Pay attention to animals that appear repeatedly in your life. Journal about intuitive impressions to strengthen this connection. Trust the wisdom that arises in stillness.,,
Will I overcome my health challenges?,Personal Growth,Healing appears possible through an integrated approach. The cards suggest exploring both conventional and complementary methods. Your body holds wisdom about what it needs to restore balance. Listen deeply and advocate for yourself. Small sustainable changes will yield significant improvements.,,
How can I develop more confidence?,Personal Growth,Confidence grows from acknowledging your existing strengths. The cards reveal that speaking your truth in small situations will build courage for larger ones. Create one personal ritual celebrating your achievements. Your self-assurance develops through action not simply positive thinking.,,
What lesson should I focus on learning now?,Personal Growth,The current lesson centers on boundaries and discernment. The cards indicate you're ready to distinguish between responsibility to others and responsibility for others. Observe where you feel resentment as a clue to boundary needs. This growth period prepares you for expanded leadership.,,
Will my financial situation improve?,Money,Financial improvement appears through strategic planning rather than chance. The cards suggest reviewing where resources currently flow and making conscious adjustments. An unexpected opportunity for increased abundance will emerge within three months. Trust your ability to create stability.,,
How can I attract more wealth?,Money,Wealth expansion comes through aligning with your authentic value. The cards reveal that a mindset shift around worthiness must precede material abundance. Examine inherited beliefs about money and consciously release limitations. Prosperity responds to clear intention combined with purposeful action.,,
Should I make this investment?,Money,This investment requires careful consideration. The cards indicate potential for growth but timing is crucial. Gather more information before committing significant resources. Trust your intuition even if it contradicts conventional advice. The safest path involves measured steps rather than all-or-nothing decisions.,,
Will I travel abroad this year?,Travel,Travel opportunities are taking shape though perhaps not in the timing or destination initially expected. The cards suggest remaining flexible with plans. An unexpected invitation or connection may lead to the most meaningful journey. Prepare internally by cultivating adaptability.,,
Where should I go on my next trip?,Travel,Your next journey calls you toward water - either coastal regions or places with significant lakes or rivers. The cards indicate that this landscape holds specific healing energies for you now. Follow intuitive pulls toward a destination that combines natural beauty with cultural richness.,,
Is it safe for me to travel right now?,Travel,Travel safety depends on both practical precautions and energetic alignment. The cards suggest thoroughly researching your destination while trusting your intuition about timing. Delay is not denial if you feel hesitation. When the path is right external circumstances will support your journey.,,
What message do I need to hear right now?,General Guidance,The message emerging most strongly is to trust the timing of your life. The cards reveal that what appears as delay serves a protective purpose. Recent disappointments are redirecting you toward something more aligned. Release the need to control outcomes and embrace the wisdom of uncertainty.,,
How can I find more meaning in life?,General Guidance,Meaning reveals itself through service and connection. The cards suggest exploring how your unique gifts can address a need you feel drawn to. Depth comes from full presence rather than constantly seeking the next experience. Your most fulfilling path involves creating something that outlasts you.,,
What should I focus on this month?,General Guidance,This month calls for balancing action with reflection. The cards indicate completing unfinished projects before initiating new ones. Pay attention to recurring themes in dreams and synchronicities. An important insight about your path will emerge through seemingly ordinary conversation.,,
Will I have children?,Family,The potential for parenthood exists though perhaps through unexpected timing or circumstances. The cards suggest examining your true desires separate from external expectations. Prepare spiritually for nurturing responsibilities  whether biological children or mentoring others. The universe has a plan for your legacy.,,
How can I improve my family relationships?,Family,Family harmony develops through accepting people as they are while maintaining healthy boundaries. The cards reveal that an old pattern is ready to be healed through compassionate honesty. One challenging relationship contains your greatest lesson. Small gestures of understanding will gradually transform the dynamic.,,
Will my family situation get better?,Family,Your family situation shows movement toward resolution. The cards indicate that what appears fixed is actually evolving beneath the surface. Maintain your center amid others' reactions. Your consistent presence without abandoning yourself will eventually create a new equilibrium. Trust the healing process.,,
How can I get unstuck in life?,Transformation,Movement returns through disrupting comfortable routines. The cards suggest trying one new approach daily,,
What transformation awaits me?,Transformation,A profound inner shift approaches involving how you define security. The cards reveal that releasing attachment to a specific outcome will paradoxically bring what you truly seek. This transformation requires surrendering an identity that no longer serves you. Trust that what emerges will be more authentic. however small. Your stagnation comes not from lack of ability but from outgrown patterns. The most promising direction may initially feel uncomfortable precisely because it's unfamiliar territory.,,
How do I embrace change in my life?,Transformation,Embracing change comes through focusing on constants within yourself amid external flux. The cards suggest identifying your unwavering values while releasing specific forms they take. Small intentional changes now prevent disruptive larger ones later. Nature offers the perfect template for graceful transformation.,,
What's preventing me from finding love?,Obstacles,Your love path faces a blockage related to unhealed past wounds. The cards reveal that vulnerability feels threatening based on previous experiences. Examine beliefs about worthiness that operate beneath awareness. The very qualities you hide may attract the connection you truly desire.,,
Why do I keep facing the same problems?,Obstacles,Recurring challenges serve as messengers until their lesson is integrated. The cards indicate that what you resist persists. This pattern contains an invitation to develop a specific strength or perspective. Approach it with curiosity rather than frustration. Resolution comes through response rather than reaction.,,
What's holding me back from success?,Obstacles,Your progress meets resistance through conflicting internal desires. The cards suggest part of you clings to comfort while another seeks achievement. Examine fears of visibility and judgment that arise with accomplishment. Reconciling these opposing forces will release unexpected energy and clarity.,,
Should I move to a new city?,Life Changes,A location change holds potential for renewal. The cards indicate that physical relocation can facilitate inner transformation when intentions are clear. Research thoroughly rather than escaping current circumstances. The right environment will support your authentic expression and growth opportunities.,,
Is now the right time for a major life change?,Life Changes,This timing shows supportive energy for thoughtful transitions. The cards reveal that preparation will determine success. Create a bridge between current and future situations rather than abrupt severance. Internal readiness matters more than perfect external circumstances.,,
How will my life change after this decision?,Life Changes,This decision initiates a significant growth cycle. The cards suggest unexpected opportunities will emerge that couldn't be visible from your current position. Though initial adjustment brings challenges, these strengthen rather than defeat you. Trust that this choice aligns with your soul's evolution.,
Why am I having recurring dreams?,Dreams,Your recurring dreams contain important symbolic messages. The cards indicate your subconscious is processing emotional patterns that require conscious awareness. Pay attention to how you feel within the dream rather than literal elements. Journal immediately upon waking to strengthen recall and recognition.,,
What does this dream symbolize?,Dreams,This dream symbolizes a transformation underway beneath conscious awareness. The cards reveal that conflicting elements represent aspects of yourself seeking integration. Particularly notice characters or situations that evoke strong emotions. Your dream offers guidance about a current life challenge.,,
How can I remember my dreams better?,Dreams,Dream recall strengthens through intention and preparation. The cards suggest placing a journal and pen beside your bed with a small light. Affirm your desire to remember dreams before sleeping. Remain still upon waking to hold the dream energy. Even capturing fragments will gradually improve your connection.,,
What past life is affecting me now?,Past Lives,A previous existence as a healer or counselor influences your current relationships. The cards indicate that ancient wisdom resurfaces through your intuition. Certain places or practices may trigger deep recognition. This soul memory explains natural abilities that emerged without formal training.,,
Do I have a karmic relationship with this person?,Past Lives,Your connection with this person carries significant soul history. The cards reveal a pattern of unresolved lessons continuing from past interactions. Pay attention to immediate familiarity or unusual emotional reactions. This relationship offers growth through completing what was previously left unfinished.,,
How can I heal past life trauma?,Past Lives,Healing ancient patterns comes through present moment awareness. The cards suggest that meditation focused on body sensations can release energetic imprints. Certain challenging relationships mirror unresolved past experiences. Forgiveness practices - including self-forgiveness - dissolve karmic bonds.,,
What animal spirit guide is with me?,Spirit Guides,The owl appears as your current animal guide. The cards reveal this spirit brings gifts of seeing beyond illusion and navigating darkness with confidence. Pay attention to wisdom that comes during quiet moments or night hours. This guide helps you discern truth from deception.,,
How can I connect better with my guides?,Spirit Guides,Connection strengthens through consistent acknowledgment and gratitude. The cards suggest creating a simple daily ritual inviting guidance. Nature facilitates clearer communication - spend time outdoors with conscious intention. Trust subtle impressions rather than expecting dramatic manifestations.,,
What message do my guides have for me now?,Spirit Guides,Your guides emphasize the importance of trusting your inner knowing above external authority. The cards indicate they're supporting a significant expansion in your intuitive abilities. Pay attention to repeated number sequences as confirmations. A synchronistic meeting soon will validate your spiritual connection.,,
What does my birth chart reveal about me?,Astrology,Your astrological signature shows a powerful combination of vision and practicality. The cards indicate significant planetary influences affecting your communication style and relationship patterns. Current transits support releasing outdated self-concepts. Your chart reveals untapped potential awaiting conscious development.,,
How will this astrological transit affect me?,Astrology,This transit creates opportunity through temporary disruption. The cards reveal that resistance will intensify challenges while flexibility brings unexpected benefits. Old structures must shift to accommodate new energy. Journal insights during this period as they contain important guidance for your next cycle.,,
What do my moon and rising signs mean for me?,Astrology,Your moon sign reveals emotional needs often hidden from others. The cards suggest honoring these requirements without judgment improves all relationships. Your rising sign explains first impressions you create and unconscious approaches to new situations. Balancing these energies with your sun sign creates greater authenticity.,,
How accurate is this psychic reading I received?,Psychic Guidance,The reading contains elements of truth filtered through human interpretation. The cards suggest taking what resonates and setting aside what doesn't without judgment. External guidance serves best when confirming your internal wisdom rather than replacing it. Consider alternative perspectives on predictions that evoke fear.,,
Am I psychic or intuitive?,Psychic Guidance,Your intuitive abilities are developing steadily. The cards indicate natural sensitivity to energetic information that can be refined through practice. You receive guidance primarily through knowing rather than visual or auditory channels. Trust impressions that arrive without logical explanation as your strongest psychic pathway.,,
How can I develop my psychic abilities?,Psychic Guidance,Psychic development flourishes through regular practice and discernment. The cards suggest beginning with simple exercises like sensing energy between your palms. Meditation that quiets mental chatter creates space for subtle perception. Record impressions to track accuracy without attachment to results.,,
What energy surrounds my home?,Protection,Your home carries generally supportive energy with some stagnation in specific areas. The cards suggest clearing clutter to improve energy flow. An entrance area would benefit from additional light. Regular sound clearing with bells or singing bowls will maintain harmonious vibrations throughout your space.,,
How can I clear negative energy?,Protection,Energy clearing requires both intention and physical action. The cards indicate using elements like sound smoke salt and visualization. Begin with yourself before addressing spaces. Maintaining your own energetic boundaries prevents reaccumulation of unwanted influences. Gratitude raises vibration more powerfully than fear-based protection.,,
What protection do I need right now?,Protection,Current circumstances call for strengthening mental boundaries. The cards suggest becoming more selective about information consumption and social interactions. Visualize a shield of light when entering crowded spaces. Nature connection provides the most effective energetic reset during this period.,,
Is this crystal right for me?,Spiritual Tools,This crystal aligns with your current energetic needs. The cards indicate it supports emotional healing and clear communication. Trust your physical response when holding it as your body recognizes beneficial frequencies. Use intuitively rather than according to generic prescriptions. Cleanse regularly to maintain its optimal vibration.,,
How should I use these tarot cards?,Spiritual Tools,Your tarot practice will develop most effectively through consistent simple spreads. The cards suggest beginning each reading with clear intention and energy clearing. Record insights to track developing patterns. Trust personal interpretations over rigid definitions. Your intuition enhances rather than replaces traditional meanings.,,
What spiritual practice would benefit me most?,Spiritual Tools,The most beneficial practice combines movement with mindfulness. The cards reveal that walking meditation or flowing yoga suits your energetic nature. Consistency matters more than duration. This practice creates the inner stillness necessary for deeper spiritual connection. Nature enhances its effectiveness.,,
What do I need to know about twin flames?,Soul Connections,Twin flame dynamics involve intense growth through mirroring rather than idealized romance. The cards indicate focusing on your own healing rather than searching externally. Genuine twin connections prompt evolution whether relationships continue physically or not. Surrender expectations about specific outcomes or timelines.,,
Have I met my soulmate?,Soul Connections,Soul connections exist at various levels of intensity and purpose. The cards reveal several significant soul contracts in your life already, though not necessarily romantic. Recognize these bonds through immediate recognition and accelerated growth. The connection you seek may express differently than expected.,
What is the purpose of this soul connection?,Soul Connections,This relationship serves soul evolution through challenging comfort zones. The cards indicate its purpose involves healing ancestral patterns affecting both parties. Practical lessons about boundaries and authentic expression form its foundation. This connection creates ripple effects beyond your immediate experience.,,
What are the best healing modalities for me?,Healing,Your healing responds most strongly to approaches combining physical movement and energy work. The cards suggest exploring practices that address emotional patterns stored in the body. Water elements - whether hydrotherapy or simply increased hydration - support your particular healing journey. Trust methods that bring both challenge and comfort.,,
How can I heal this emotional wound?,Healing,Emotional healing comes through compassionate witnessing rather than forced release. The cards suggest creating safe space to fully experience feelings without drowning in them. Express through creative outlets when verbal processing feels limiting. This particular wound heals through connection rather than isolation.,,
What does my body need to heal?,Healing,Physical healing requires addressing underlying emotional components. The cards indicate inflammation responds to stress reduction and dietary simplification. Rhythmic, gentle movement rather than intense exercise supports current needs. Listen for subtle signals before they become demands. Your body seeks partnership rather than control.,
What is my greatest strength?,Self-Discovery,Your greatest strength lies in perceiving connections others miss. The cards reveal natural pattern recognition that extends beyond logical analysis. This gift allows innovative solutions and meaningful insights. Though sometimes overwhelming, this sensitivity becomes powerful when consciously directed. Trust your unique perspective.,
What is holding me back from being my true self?,Self-Discovery,Authentic expression faces limitation through concern about others' judgment. The cards suggest examining whose opinions carry disproportionate weight in your decisions. Early conditioning about acceptable behavior created useful adaptation then but restricts now. Small acts of genuine self-expression gradually dissolve this barrier.,,
Who am I meant to become?,Self-Discovery,Your evolution leads toward becoming a bridge between different worlds or perspectives. The cards indicate that experiences of not quite fitting conventional categories prepared you for this role. Integration of seemingly contradictory elements within yourself enables understanding across differences. Trust your unique developmental timeline.,,
Is my deceased loved one at peace?,Afterlife,Your loved one has successfully transitioned and experiences peace. The cards indicate they continue learning and growing in their current dimension. They communicate through signs including specific animals and meaningful songs. Their greatest wish is for you to find joy rather than remaining in prolonged grief.,,
Can you connect with my loved one who passed?,Afterlife,The energy of your loved one feels present and peaceful. The cards suggest they communicate through subtle signs rather than dramatic manifestations. They wish to convey that physical separation doesn't diminish soul connection. Specific unresolved matters have been understood from a broader perspective following transition.,,
What happens after death?,Afterlife,The transition experience reflects individual consciousness and beliefs while sharing universal elements. The cards reveal that consciousness continues expanding beyond physical limitations. Love connections remain intact though expressed differently. Each soul's journey follows both individual purpose and collective evolution. Fear diminishes with spiritual preparation.,,
Is my pet okay in heaven?,Pets,Your pet's spirit thrives in a dimension where communication occurs through pure emotion rather than language. The cards indicate continued connection with you through dreams and quiet moments. They experience freedom while maintaining loving awareness of your journey. Their unconditional love continues to support you energetically.,,
Should I adopt another pet?,Pets,A new animal companion would bring positive energy into your life. The cards suggest timing feels right for this connection. Consider rescuing an animal that others might overlook due to age or special needs. This relationship offers mutual healing and unexpected joy. Trust your intuition when meeting potential companions.,,
What is my pet trying to tell me?,Pets,Your pet communicates concern about an imbalance in your energy or routine. The cards indicate they sense emotional or physical patterns requiring attention before becoming serious issues. They offer comfort during your vulnerable moments. Their behavior changes specifically reflect what they're attempting to communicate. Trust this intuitive bond.,,
Is someone putting a curse or negative energy on me?,Protection,"Rather than external curse, this situation reflects energy depletion through unconscious patterns. The cards suggest examining where you give power away in relationships or thoughts. Strengthen personal boundaries and self-trust. Perceived negative influence diminishes as inner authority increases. Focus on what you're creating rather than what you fear.",,
How can I remove a curse or negative attachment?,Protection,Energetic clearing comes through intention combined with elemental support. The cards indicate that sound (bells drums mantras) effectively disrupts unwanted frequencies. Salt baths with protective herbs provide additional cleansing. Most importantly  strengthen mental boundaries against fear-based thinking which perpetuates negative cycles. this situation reflects energy depletion through unconscious patterns. The cards suggest examining where you give power away in relationships or thoughts. Strengthen personal boundaries and self-trust. Perceived negative influence diminishes as inner authority increases. Focus on what you're creating rather than what you fear.,,
What entities are around me?,Protection,Your energetic field shows primarily positive spiritual presences. The cards reveal ancestral guides offering protection and wisdom. Nature spirits respond to your appreciation of the natural world. Clear unwanted influences by simply stating boundaries with confident authority. Your own light naturally repels lower vibrations when consciously maintained.,,
What does the universe want me to know right now?,General Guidance,The most important message centers on trusting divine timing rather than forcing outcomes. The cards reveal that recent delays serve protective purposes. What appears as obstacle actually redirects toward greater alignment. Release attachment to how growth should look. The universe orchestrates connections and opportunities beyond current visibility.,,
How can I raise my vibration?,Spiritual,Vibrational raising comes through consistent practices rather than sporadic intensity. The cards suggest prioritizing joyful movement  nature connection and creative expression. Consciously choose media and relationships that elevate rather than deplete. Small authentic actions aligned with your values create more sustainable shifts than dramatic gestures.,,
What is my next spiritual step?,Spiritual,Your spiritual evolution now calls for practical application rather than accumulating more knowledge. The cards indicate teaching or sharing what you've already integrated will deepen your understanding. Regular communion with nature supports this integration phase. Trust that ordinary experiences contain extraordinary wisdom when approached mindfully.,,
Why do I feel stuck in repeating patterns?,Obstacles,Recurring patterns persist when their core lesson remains unintegrated. The cards reveal that intellectual understanding without emotional processing creates only temporary change. This particular cycle continues because part of you still finds safety in familiarity despite discomfort. True resolution requires addressing the underlying belief sustaining the pattern.,,
How can I break free from negative patterns?,Obstacles,Pattern interruption requires both awareness and committed action. The cards suggest identifying the earliest signs of the cycle and introducing one significant change at that point. Write a new narrative about your identity separate from this pattern. External accountability supports internal resolve during transition periods.,,
What limiting beliefs are affecting me?,Obstacles,Your progress faces limitation through beliefs about deserving success. The cards indicate early experiences created unconscious associations between visibility and criticism. Examine where you self-sabotage when approaching significant achievements. Recognizing these thoughts as conditioned rather than truth begins releasing their power.,,
What is my purpose in this lifetime?,Life Purpose,Your soul purpose involves translating complex wisdom into accessible understanding. The cards reveal natural gifts for perceiving patterns and creating connections across different domains. Though your path may not follow conventional routes this unique perspective serves collective evolution. Trust the unfolding of your purpose through genuine interests.,,
How can I discover my life's purpose?,Life Purpose,Purpose reveals itself through consistent attention to what energizes rather than depletes you. The cards suggest documenting activities that create flow states where time seems altered. Notice where you naturally serve others without effort or resentment. Your purpose emerges at the intersection of joy  service and natural ability.,,
Am I on the right path in life?,Life Purpose,Your current direction aligns with your deeper purpose despite external uncertainties. The cards indicate that apparent detours actually provide essential experiences for your unique contribution. Trust intuitive pulls toward certain activities or learnings. Inner resonance provides more reliable guidance than conventional measures of progress.,,
